Time (s),Position (m)
10:04:59.812,0.062
10:05:01.813,0.062
10:05:02.813,0.062
10:05:03.812,0.063
10:05:04.812,0.063
10:05:05.813,0.063
10:05:06.813,0.063
10:05:07.813,0.063
10:05:08.813,0.064
10:05:09.812,0.064
10:05:10.812,0.066
10:05:11.812,0.065
10:05:12.813,0.066
10:05:13.813,0.065
10:05:14.813,0.065
10:05:15.813,0.065
10:05:16.813,0.067
10:05:17.812,0.066
10:05:18.812,0.066
10:05:19.813,0.068
10:05:20.813,0.066
10:05:21.813,0.066
10:05:22.812,0.067
10:05:23.813,0.067
10:05:24.813,0.067
10:05:25.813,0.069
10:05:26.812,0.069
10:05:27.813,0.069
10:05:28.813,0.067
10:05:29.812,0.069
10:05:30.812,0.07
10:05:31.813,0.067
10:05:32.813,0.068
10:05:33.813,0.068
10:05:34.812,0.069
10:05:35.812,0.07
10:05:36.812,0.071
10:05:37.813,0.069
10:05:38.813,0.069
10:05:39.813,0.069
10:05:40.812,0.07
10:05:41.812,0.07
10:05:42.813,0.071
10:05:43.813,0.07
10:05:44.813,0.071
10:05:45.813,0.071
10:05:46.812,0.072
10:05:47.813,0.07
10:05:48.813,0.072
10:05:49.813,0.071
10:05:50.813,0.071
10:05:51.813,0.071
10:05:52.813,0.072
10:05:53.813,0.072
10:05:54.813,0.071
10:05:55.813,0.071
10:05:56.813,0.071
10:05:57.813,0.072
10:05:58.813,0.072
10:05:59.813,0.072
10:06:00.813,0.072
10:06:01.813,0.072
10:06:02.813,0.071
10:06:03.812,0.073
10:06:04.813,0.072
10:06:05.813,0.072
10:06:06.813,0.074
10:06:07.813,0.072
10:06:08.812,0.072
10:06:09.813,0.074
10:06:10.813,0.072
10:06:11.813,0.072
10:06:12.812,0.073
10:06:13.813,0.071
10:06:14.813,0.072
10:06:15.813,0.072
10:06:16.813,0.073
10:06:17.813,0.071
10:06:18.813,0.072
10:06:19.813,0.072
10:06:20.813,0.072
10:06:21.813,0.071
10:06:22.813,0.073
10:06:23.813,0.071
10:06:24.813,0.072
10:06:25.813,0.071
10:06:26.813,0.071
10:06:27.813,0.07
10:06:28.813,0.071
10:06:29.813,0.071
10:06:30.813,0.072
10:06:31.813,0.07
10:06:32.813,0.071
10:06:33.813,0.071
10:06:34.813,0.071
10:06:35.813,0.07
10:06:36.813,0.07
10:06:37.813,0.07
10:06:38.813,0.07
10:06:39.814,0.071
10:06:40.813,0.073
10:06:41.813,0.073
10:06:42.814,0.07
10:06:43.813,0.082
10:06:44.813,0.07
10:06:45.813,0.071
10:06:46.814,0.07
10:06:47.814,0.071
10:06:48.813,0.07
10:06:49.813,0.068
10:06:50.813,0.07
10:06:51.814,0.067
10:06:52.813,0.07
10:06:53.814,0.068
10:06:54.813,0.067
10:06:55.813,0.067
10:06:56.813,0.067
10:06:57.813,0.068
10:06:58.813,0.066
10:06:59.814,0.068
10:07:00.813,0.066
10:07:01.813,0.066
10:07:02.814,0.066
10:07:03.813,0.066
10:07:04.813,0.066
10:07:05.813,0.067
10:07:06.813,0.065
10:07:07.814,0.064
10:07:08.813,0.065
10:07:09.813,0.064
10:07:10.813,0.064
10:07:11.813,0.066
10:07:12.814,0.063
10:07:13.814,0.063
10:07:14.813,0.063
10:07:15.814,0.063
10:07:16.814,0.064
10:07:17.813,0.063
10:07:18.814,0.062
10:07:19.814,0.063
10:07:20.813,0.063
10:07:21.813,0.063
10:07:22.814,0.063
10:07:23.814,0.062
10:07:24.814,0.061
10:07:25.814,0.061
10:07:26.813,0.06
10:07:27.813,0.06
10:07:28.814,0.06
10:07:29.813,0.06
10:07:30.813,0.06
10:07:31.814,0.06
10:07:32.814,0.059
10:07:33.813,0.06
10:07:34.813,0.059
10:07:35.813,0.059
10:07:36.813,0.059
10:07:37.814,0.058
10:07:38.814,0.06
10:07:39.813,0.058
10:07:40.813,0.057
10:07:41.814,0.057
10:07:42.813,0.058
10:07:43.813,0.058
10:07:44.813,0.058
10:07:45.813,0.058
10:07:46.814,0.057
10:07:47.813,0.056
10:07:48.814,0.057
10:07:49.814,0.056
10:07:50.813,0.056
10:07:51.814,0.055
10:07:52.814,0.055
10:07:53.813,0.055
10:07:54.814,0.055
10:07:55.814,0.057
10:07:56.814,0.055
10:07:57.814,0.055
10:07:58.813,0.054
10:07:59.814,0.053
10:08:00.814,0.054
10:08:01.814,0.055
10:08:02.814,0.056
10:08:03.813,0.056
10:08:04.814,0.053
10:08:05.813,0.053
10:08:06.814,0.053
10:08:07.814,0.053
10:08:08.814,0.053
10:08:09.814,0.054
10:08:10.814,0.053
10:08:11.813,0.052
10:08:12.814,0.052
10:08:13.814,0.052
10:08:14.814,0.052
10:08:15.814,0.052
10:08:16.814,0.052
10:08:17.814,0.051
10:08:18.814,0.053
10:08:19.814,0.051
10:08:20.814,0.053
10:08:21.813,0.051
10:08:22.814,0.051
10:08:23.814,0.051
10:08:24.814,0.051
10:08:25.814,0.051
10:08:26.814,0.05
10:08:27.814,0.051
10:08:28.814,0.05
10:08:29.813,0.05
10:08:30.814,0.05
10:08:31.813,0.05
10:08:32.814,0.05
10:08:33.814,0.05
10:08:34.814,0.05
10:08:35.814,0.051
10:08:36.814,0.051
10:08:37.814,0.05
10:08:38.814,0.05
10:08:39.814,0.05
10:08:40.814,0.05
10:08:41.814,0.05
10:08:42.815,0.05
10:08:43.814,0.05
10:08:44.814,0.05
10:08:45.814,0.05
10:08:46.815,0.05
10:08:47.814,0.05
10:08:48.814,0.05
10:08:49.814,0.05
10:08:50.814,0.05
10:08:51.815,0.05
10:08:52.814,0.051
10:08:53.814,0.051
10:08:54.815,0.051
10:08:55.814,0.051
10:08:56.814,0.051
10:08:57.814,0.053
10:08:58.815,0.051
10:08:59.814,0.053
10:09:00.815,0.053
10:09:01.815,0.052
10:09:02.814,0.051
10:09:03.814,0.052
10:09:04.815,0.052
10:09:05.814,0.052
10:09:06.814,0.052
10:09:07.814,0.052
10:09:08.814,0.052
10:09:09.815,0.052
10:09:10.814,0.052
10:09:11.814,0.052
10:09:12.814,0.053
10:09:13.815,0.053
10:09:14.814,0.054
10:09:15.814,0.053
10:09:16.814,0.052
10:09:17.814,0.053
10:09:18.814,0.053
10:09:19.815,0.054
10:09:20.814,0.054
10:09:21.815,0.054
10:09:22.814,0.054
10:09:23.814,0.053
10:09:24.814,0.054
10:09:25.814,0.054
10:09:26.814,0.057
10:09:27.814,0.055
10:09:28.815,0.055
10:09:29.815,0.055
10:09:30.814,0.055
10:09:31.815,0.055
10:09:32.815,0.055
10:09:33.814,0.056
10:09:34.814,0.056
10:09:35.815,0.056
10:09:36.815,0.058
10:09:37.815,0.057
10:09:38.815,0.057
10:09:39.814,0.056
10:09:40.814,0.057
10:09:41.814,0.057
10:09:42.814,0.057
10:09:43.815,0.057
10:09:44.815,0.058
10:09:45.814,0.058
10:09:46.814,0.058
10:09:47.814,0.058
10:09:48.814,0.058
10:09:49.814,0.059
10:09:50.815,0.059
10:09:51.814,0.059
10:09:52.815,0.059
10:09:53.814,0.059
10:09:54.815,0.059
10:09:55.814,0.059
10:09:56.815,0.06
10:09:57.815,0.06
10:09:58.814,0.06
10:09:59.815,0.06
10:10:00.815,0.06
10:10:01.815,0.061
10:10:02.815,0.063
10:10:03.815,0.061
10:10:04.815,0.061
10:10:05.815,0.063
10:10:06.815,0.062
10:10:07.815,0.062
10:10:08.815,0.063
10:10:09.815,0.062
10:10:10.815,0.063
10:10:11.815,0.063
10:10:12.815,0.063
10:10:13.814,0.063
10:10:14.814,0.063
10:10:15.815,0.063
10:10:16.815,0.063
10:10:17.815,0.065
10:10:18.814,0.065
10:10:19.815,0.064
10:10:20.815,0.065
10:10:21.814,0.065
10:10:22.815,0.065
10:10:23.814,0.065
10:10:24.815,0.065
10:10:25.815,0.065
10:10:26.815,0.065
10:10:27.814,0.065
10:10:28.815,0.066
10:10:29.815,0.066
10:10:30.814,0.066
10:10:31.815,0.066
10:10:32.815,0.066
10:10:33.815,0.067
10:10:34.815,0.066
10:10:35.815,0.066
10:10:36.815,0.067
10:10:37.815,0.067
10:10:38.815,0.067
10:10:39.814,0.068
10:10:40.815,0.068
10:10:41.814,0.068
10:10:42.815,0.068
10:10:43.815,0.068
10:10:44.815,0.068
10:10:45.815,0.068
10:10:46.815,0.068
10:10:47.815,0.068
10:10:48.816,0.07
10:10:49.815,0.07
10:10:50.815,0.069
10:10:51.815,0.069
10:10:52.815,0.068
10:10:53.815,0.068
10:10:54.815,0.068
10:10:55.815,0.068
10:10:56.815,0.069
10:10:57.815,0.069
10:10:58.815,0.07
10:10:59.815,0.069
10:11:00.815,0.069
10:11:01.815,0.069
10:11:02.815,0.069
10:11:03.815,0.069
10:11:04.815,0.069
10:11:05.815,0.069
10:11:06.815,0.069
10:11:07.815,0.069
10:11:08.815,0.069
10:11:09.815,0.069
10:11:10.815,0.069
10:11:11.815,0.069
10:11:12.815,0.069
10:11:13.815,0.071
10:11:14.815,0.069
10:11:15.815,0.069
10:11:16.816,0.069
10:11:17.815,0.069
10:11:18.815,0.071
10:11:19.815,0.071
10:11:20.815,0.069
10:11:21.815,0.069
10:11:22.815,0.07
10:11:23.815,0.069
10:11:24.815,0.07
10:11:25.815,0.069
10:11:26.815,0.068
10:11:27.815,0.069
10:11:28.815,0.068
10:11:29.815,0.068
10:11:30.815,0.068
10:11:31.815,0.069
10:11:32.815,0.068
10:11:33.815,0.068
10:11:34.815,0.068
10:11:35.815,0.068
10:11:36.815,0.068
10:11:37.815,0.068
10:11:38.815,0.068
10:11:39.816,0.068
10:11:40.815,0.068
10:11:41.815,0.067
10:11:42.815,0.067
10:11:43.815,0.068
10:11:44.815,0.069
10:11:45.815,0.067
10:11:46.815,0.067
10:11:47.815,0.067
10:11:48.815,0.067
10:11:49.815,0.067
10:11:50.816,0.067
10:11:51.816,0.066
10:11:52.815,0.067
10:11:53.815,0.067
10:11:54.815,0.067
10:11:55.815,0.066
10:11:56.815,0.066
10:11:57.816,0.066
10:11:58.815,0.066
10:11:59.815,0.065
10:12:00.815,0.065
10:12:01.815,0.065
10:12:02.815,0.065
10:12:03.815,0.065
10:12:04.816,0.065
10:12:05.815,0.065
10:12:06.816,0.065
10:12:07.816,0.065
10:12:08.815,0.064
10:12:09.815,0.064
10:12:10.815,0.064
10:12:11.816,0.063
10:12:12.815,0.063
10:12:13.816,0.063
10:12:14.816,0.063
10:12:15.816,0.063
10:12:16.816,0.063
10:12:17.815,0.063
10:12:18.816,0.062
10:12:19.816,0.062
10:12:20.816,0.062
10:12:21.815,0.062
10:12:22.816,0.062
10:12:23.815,0.062
10:12:24.816,0.062
10:12:25.816,0.061
10:12:26.816,0.061
10:12:27.816,0.063
10:12:28.815,0.06
10:12:29.816,0.06
10:12:30.816,0.06
10:12:31.816,0.06
10:12:32.816,0.06
10:12:33.816,0.06
10:12:34.815,0.06
10:12:35.816,0.06
10:12:36.816,0.06
10:12:37.816,0.06
10:12:38.816,0.059
10:12:39.815,0.059
10:12:40.816,0.059
10:12:41.816,0.059
10:12:42.816,0.059
10:12:43.816,0.059
10:12:44.816,0.059
10:12:45.815,0.059
10:12:46.815,0.058
10:12:47.816,0.058
10:12:48.816,0.058
10:12:49.816,0.058
10:12:50.815,0.058
10:12:51.815,0.057
10:12:52.816,0.058
10:12:53.816,0.057
10:12:54.816,0.057
10:12:55.816,0.057
10:12:56.816,0.057
10:12:57.816,0.057
10:12:58.816,0.057
10:12:59.816,0.056
10:13:00.815,0.056
10:13:01.816,0.056
10:13:02.815,0.056
10:13:03.816,0.056
10:13:04.816,0.056
10:13:05.816,0.056
10:13:06.816,0.056
10:13:07.816,0.056
10:13:08.816,0.055
10:13:09.816,0.055
10:13:10.816,0.055
10:13:11.816,0.056
10:13:12.816,0.055
10:13:13.816,0.055
10:13:14.816,0.055
10:13:15.816,0.055
10:13:16.816,0.055
10:13:17.816,0.055
10:13:18.816,0.054
10:13:19.816,0.055
10:13:20.816,0.054
10:13:21.816,0.054
10:13:22.816,0.057
10:13:23.816,0.053
10:13:24.816,0.054
10:13:25.816,0.054
10:13:26.816,0.056
10:13:27.816,0.054
10:13:28.816,0.053
10:13:29.816,0.053
10:13:30.816,0.053
10:13:31.817,0.053
10:13:32.816,0.053
10:13:33.816,0.053
10:13:34.816,0.054
10:13:35.816,0.053
10:13:36.817,0.053
10:13:37.816,0.053
10:13:38.816,0.053
10:13:39.816,0.053
10:13:40.816,0.053
10:13:41.817,0.053
10:13:42.816,0.053
10:13:43.816,0.053
10:13:44.816,0.053
10:13:45.816,0.053
10:13:46.816,0.053
10:13:47.816,0.053
10:13:48.816,0.053
10:13:49.816,0.053
10:13:50.817,0.053
10:13:51.816,0.053
10:13:52.817,0.053
10:13:53.816,0.053
10:13:54.817,0.053
10:13:55.816,0.053
10:13:56.817,0.053
10:13:57.816,0.053
10:13:58.816,0.053
10:13:59.816,0.053
10:14:00.816,0.053
10:14:01.816,0.053
10:14:02.816,0.053
10:14:03.816,0.053
10:14:04.817,0.053
10:14:05.816,0.053
10:14:06.816,0.053
10:14:07.816,0.053
10:14:08.816,0.054
10:14:09.816,0.057
10:14:10.816,0.053
10:14:11.816,0.053
10:14:12.816,0.054
10:14:13.816,0.055
10:14:14.816,0.055
10:14:15.816,0.054
10:14:16.816,0.056
10:14:17.817,0.055
10:14:18.816,0.055
10:14:19.816,0.055
10:14:20.816,0.055
10:14:21.816,0.056
10:14:22.816,0.056
10:14:23.816,0.056
10:14:24.817,0.055
10:14:25.817,0.056
10:14:26.816,0.056
10:14:27.816,0.056
10:14:28.817,0.057
10:14:29.816,0.057
10:14:30.816,0.056
10:14:31.817,0.056
10:14:32.816,0.057
10:14:33.816,0.057
10:14:34.816,0.057
10:14:35.817,0.057
10:14:36.817,0.057
10:14:37.816,0.057
10:14:38.816,0.057
10:14:39.816,0.057
10:14:40.817,0.057
10:14:41.816,0.058
10:14:42.817,0.058
10:14:43.816,0.058
10:14:44.816,0.058
10:14:45.816,0.058
10:14:46.816,0.058
10:14:47.817,0.059
10:14:48.817,0.059
10:14:49.817,0.058
10:14:50.817,0.059
10:14:51.816,0.059
10:14:52.816,0.061
10:14:53.817,0.061
10:14:54.816,0.059
10:14:55.816,0.059
10:14:56.816,0.06
10:14:57.816,0.06
10:14:58.817,0.06
10:14:59.816,0.06
10:15:00.817,0.06
10:15:01.817,0.06
10:15:02.817,0.063
10:15:03.816,0.06
10:15:04.816,0.06
10:15:05.817,0.06
10:15:06.817,0.06
10:15:07.817,0.06
10:15:08.817,0.061
10:15:09.816,0.06
10:15:10.817,0.061
10:15:11.817,0.062
10:15:12.816,0.062
10:15:13.816,0.062
10:15:14.817,0.062
10:15:15.817,0.062
10:15:16.816,0.062
10:15:17.816,0.062
10:15:18.817,0.063
10:15:19.817,0.062
10:15:20.817,0.063
10:15:21.817,0.063
10:15:22.816,0.063
10:15:23.817,0.063
10:15:24.817,0.063
10:15:25.817,0.063
10:15:26.817,0.063
10:15:27.817,0.063
10:15:28.817,0.064
10:15:29.817,0.064
10:15:30.817,0.064
10:15:31.817,0.064
10:15:32.817,0.064
10:15:33.817,0.064
10:15:34.817,0.064
10:15:35.817,0.064
10:15:36.817,0.064
10:15:37.817,0.064
10:15:38.817,0.064
10:15:39.817,0.065
10:15:40.817,0.065
10:15:41.817,0.065
10:15:42.817,0.065
10:15:43.817,0.065
10:15:44.817,0.065
10:15:45.817,0.065
10:15:46.817,0.065
10:15:47.817,0.066
10:15:48.817,0.066
10:15:49.817,0.066
10:15:50.817,0.066
10:15:51.817,0.066
10:15:52.817,0.066
10:15:53.817,0.066
10:15:54.817,0.066
10:15:55.817,0.066
10:15:56.817,0.066
10:15:57.817,0.066
10:15:58.817,0.066
10:15:59.817,0.066
10:16:00.817,0.067
10:16:01.817,0.066
10:16:02.818,0.067
10:16:03.817,0.067
10:16:04.818,0.067
10:16:05.817,0.067
10:16:06.818,0.066
10:16:07.817,0.067
10:16:08.817,0.067
10:16:09.817,0.067
10:16:10.817,0.067
10:16:11.817,0.067
10:16:12.817,0.067
10:16:13.817,0.067
10:16:14.817,0.067
10:16:15.817,0.067
10:16:16.817,0.067
10:16:17.817,0.067
10:16:18.817,0.067
10:16:19.817,0.066
10:16:20.817,0.066
10:16:21.817,0.067
10:16:22.817,0.067
10:16:23.817,0.067
10:16:24.817,0.067
10:16:25.818,0.067
10:16:26.817,0.067
10:16:27.817,0.067
10:16:28.818,0.066
10:16:29.817,0.066
10:16:30.817,0.067
10:16:31.817,0.067
10:16:32.818,0.066
10:16:33.818,0.066
10:16:34.818,0.067
10:16:35.817,0.066
10:16:36.818,0.066
10:16:37.817,0.066
10:16:38.817,0.066
10:16:39.817,0.066
10:16:40.817,0.066
10:16:41.817,0.066
10:16:42.817,0.066
10:16:43.818,0.066
10:16:44.817,0.066
10:16:45.818,0.066
10:16:46.818,0.065
10:16:47.817,0.065
10:16:48.817,0.066
10:16:49.817,0.065
10:16:50.817,0.065
10:16:51.817,0.065
10:16:52.817,0.065
10:16:53.818,0.065
10:16:54.818,0.065
10:16:55.818,0.065
10:16:56.817,0.065
10:16:57.818,0.064
10:16:58.817,0.064
10:16:59.817,0.064
10:17:00.817,0.064
10:17:01.818,0.064
10:17:02.818,0.064
10:17:03.818,0.064
10:17:04.817,0.064
10:17:05.817,0.063
10:17:06.818,0.063
10:17:07.818,0.064
10:17:08.818,0.064
10:17:09.817,0.063
10:17:10.818,0.063
10:17:11.817,0.063
10:17:12.818,0.064
10:17:13.818,0.063
10:17:14.818,0.063
10:17:15.817,0.063
10:17:16.818,0.063
10:17:17.818,0.062
10:17:18.817,0.062
10:17:19.818,0.062
10:17:20.817,0.062
10:17:21.817,0.062
10:17:22.818,0.062
10:17:23.817,0.062
10:17:24.818,0.062
10:17:25.817,0.062
10:17:26.817,0.062
10:17:27.818,0.063
10:17:28.818,0.063
10:17:29.818,0.061
10:17:30.818,0.061
10:17:31.818,0.06
10:17:32.818,0.06
10:17:33.818,0.06
10:17:34.818,0.06
10:17:35.817,0.06
10:17:36.817,0.06
10:17:37.817,0.06
10:17:38.818,0.06
10:17:39.817,0.06
10:17:40.818,0.06
10:17:41.817,0.06
10:17:42.817,0.06
10:17:43.818,0.06
10:17:44.819,0.059
10:17:45.818,0.059
10:17:46.818,0.059
10:17:47.818,0.06
10:17:48.818,0.059
10:17:49.818,0.059
10:17:50.818,0.059
10:17:51.818,0.059
10:17:52.818,0.059
10:17:53.818,0.059
10:17:54.818,0.059
10:17:55.818,0.058
10:17:56.818,0.058
10:17:57.817,0.058
10:17:58.818,0.058
10:17:59.818,0.058
10:18:00.818,0.058
10:18:01.818,0.058
10:18:02.818,0.058
10:18:03.818,0.057
10:18:04.818,0.057
10:18:05.818,0.057
10:18:06.818,0.059
10:18:07.818,0.057
10:18:08.818,0.057
10:18:09.818,0.057
10:18:10.818,0.057
10:18:11.819,0.057
10:18:12.819,0.057
10:18:13.818,0.056
10:18:14.818,0.057
10:18:15.818,0.057
10:18:16.819,0.057
10:18:17.818,0.056
10:18:18.818,0.057
10:18:19.818,0.056
10:18:20.818,0.057
10:18:21.819,0.056
10:18:22.818,0.056
10:18:23.818,0.056
10:18:24.818,0.056
10:18:25.819,0.056
10:18:26.818,0.055
10:18:27.819,0.056
10:18:28.818,0.056
10:18:29.818,0.056
10:18:30.819,0.056
10:18:31.818,0.056
10:18:32.819,0.056
10:18:33.818,0.056
10:18:34.819,0.056
10:18:35.819,0.056
10:18:36.818,0.055
10:18:37.819,0.056
10:18:38.818,0.056
10:18:39.818,0.055
10:18:40.818,0.055
10:18:41.819,0.056
10:18:42.818,0.056
10:18:43.818,0.055
10:18:44.819,0.055
10:18:45.819,0.055
10:18:46.818,0.055
10:18:47.818,0.056
10:18:48.818,0.056
10:18:49.818,0.055
10:18:50.819,0.055
10:18:51.818,0.055
10:18:52.818,0.055
10:18:53.818,0.055
10:18:54.819,0.056
10:18:55.818,0.055
10:18:56.819,0.055
10:18:57.818,0.056
10:18:58.818,0.056
10:18:59.818,0.055
10:19:00.819,0.055
10:19:01.819,0.056
10:19:02.818,0.056
10:19:03.819,0.055
10:19:04.819,0.055
10:19:05.818,0.055
10:19:06.819,0.056
10:19:07.818,0.056
10:19:08.819,0.056
10:19:09.818,0.056
10:19:10.819,0.057
10:19:11.818,0.056
10:19:12.819,0.055
10:19:13.819,0.055
10:19:14.818,0.056
10:19:15.819,0.056
10:19:16.819,0.056
10:19:17.818,0.055
10:19:18.818,0.056
10:19:19.818,0.057
10:19:20.819,0.057
10:19:21.818,0.057
10:19:22.819,0.057
10:19:23.818,0.056
10:19:24.819,0.056
10:19:25.819,0.057
10:19:26.818,0.056
10:19:27.819,0.056
10:19:28.819,0.057
10:19:29.818,0.057
10:19:30.819,0.057
10:19:31.819,0.057
10:19:32.818,0.057
10:19:33.818,0.057
10:19:34.819,0.057
10:19:35.818,0.057
10:19:36.818,0.057
10:19:37.819,0.057
10:19:38.818,0.057
10:19:39.819,0.057
10:19:40.818,0.058
10:19:41.819,0.057
10:19:42.819,0.058
10:19:43.818,0.058
10:19:44.818,0.058
10:19:45.819,0.058
10:19:46.819,0.058
10:19:47.819,0.058
10:19:48.819,0.058
10:19:49.819,0.058
10:19:50.818,0.058
10:19:51.819,0.058
10:19:52.818,0.058
10:19:53.819,0.058
10:19:54.818,0.059
10:19:55.819,0.059
10:19:56.819,0.059
10:19:57.819,0.059
10:19:58.818,0.059
10:19:59.819,0.06
10:20:00.819,0.06
10:20:01.819,0.06
10:20:02.819,0.06
10:20:03.819,0.06
10:20:04.818,0.06
10:20:05.819,0.06
10:20:06.818,0.06
10:20:07.819,0.06
10:20:08.818,0.06
10:20:09.819,0.06
10:20:10.819,0.06
10:20:11.818,0.06
10:20:12.819,0.06
10:20:13.819,0.06
10:20:14.819,0.061
10:20:15.819,0.06
10:20:16.819,0.061
10:20:17.819,0.06
10:20:18.819,0.061
10:20:19.819,0.061
10:20:20.819,0.061
10:20:21.819,0.062
10:20:22.819,0.062
10:20:23.819,0.062
10:20:24.819,0.062
10:20:25.819,0.062
10:20:26.819,0.062
10:20:27.819,0.062
10:20:28.819,0.062
10:20:29.819,0.062
10:20:30.819,0.062
10:20:31.819,0.062
10:20:32.819,0.063
10:20:33.819,0.062
10:20:34.819,0.063
10:20:35.819,0.063
10:20:36.819,0.063
10:20:37.819,0.063
10:20:38.819,0.063
10:20:39.820,0.063
10:20:40.819,0.063
10:20:41.819,0.063
10:20:42.819,0.063
10:20:43.820,0.064
10:20:44.819,0.064
10:20:45.820,0.063
10:20:46.820,0.063
10:20:47.819,0.064
10:20:48.819,0.064
10:20:49.819,0.064
10:20:50.819,0.064
10:20:51.819,0.064
10:20:52.819,0.064
10:20:53.819,0.064
10:20:54.819,0.064
10:20:55.819,0.064
10:20:56.820,0.064
10:20:57.820,0.064
10:20:58.820,0.064
10:20:59.819,0.064
10:21:00.820,0.064
10:21:01.819,0.064
10:21:02.819,0.064
10:21:03.819,0.065
10:21:04.820,0.063
10:21:05.820,0.064
10:21:06.819,0.064
10:21:07.819,0.065
10:21:08.819,0.064
10:21:09.819,0.065
10:21:10.820,0.065
10:21:11.820,0.065
10:21:12.820,0.065
10:21:13.820,0.065
10:21:14.819,0.065
10:21:15.820,0.065
10:21:16.819,0.065
10:21:17.819,0.065
10:21:18.819,0.065
10:21:19.819,0.065
10:21:20.820,0.065
10:21:21.819,0.065
10:21:22.819,0.065
10:21:23.820,0.065
10:21:24.819,0.065
10:21:25.819,0.065
10:21:26.819,0.065
10:21:27.819,0.065
10:21:28.820,0.065
10:21:29.819,0.065
10:21:30.820,0.065
10:21:31.820,0.065
10:21:32.819,0.065
10:21:33.820,0.065
10:21:34.819,0.065
10:21:35.819,0.064
10:21:36.819,0.065
10:21:37.819,0.065
10:21:38.820,0.065
10:21:39.820,0.065
10:21:40.820,0.064
10:21:41.820,0.065
10:21:42.820,0.064
10:21:43.819,0.064
10:21:44.820,0.064
10:21:45.819,0.065
10:21:46.819,0.065
10:21:47.820,0.064
10:21:48.819,0.064
10:21:49.819,0.064
10:21:50.820,0.064
10:21:51.820,0.064
10:21:52.820,0.064
10:21:53.819,0.064
10:21:54.819,0.064
10:21:55.820,0.064
10:21:56.819,0.064
10:21:57.820,0.064
10:21:58.819,0.064
10:21:59.819,0.063
10:22:00.819,0.063
10:22:01.819,0.063
10:22:02.820,0.064
10:22:03.820,0.063
10:22:04.820,0.063
10:22:05.820,0.063
10:22:06.820,0.063
10:22:07.820,0.063
10:22:08.820,0.063
10:22:09.820,0.063
10:22:10.819,0.063
10:22:11.819,0.063
10:22:12.820,0.063
10:22:13.820,0.063
10:22:14.820,0.062
10:22:15.820,0.062
10:22:16.819,0.062
10:22:17.820,0.062
10:22:18.820,0.062
10:22:19.820,0.063
10:22:20.820,0.062
10:22:21.819,0.062
10:22:22.820,0.062
10:22:23.820,0.063
10:22:24.820,0.062
10:22:25.820,0.062
10:22:26.819,0.061
10:22:27.820,0.061
10:22:28.820,0.061
10:22:29.820,0.063
10:22:30.820,0.061
10:22:31.820,0.061
10:22:32.820,0.061
10:22:33.820,0.061
10:22:34.820,0.06
10:22:35.820,0.06
10:22:36.820,0.061
10:22:37.820,0.06
10:22:38.820,0.061
10:22:39.820,0.06
10:22:40.820,0.06
10:22:41.820,0.06
10:22:42.820,0.06
10:22:43.820,0.06
10:22:44.820,0.06
10:22:45.820,0.06
10:22:46.820,0.06
10:22:47.820,0.06
10:22:48.820,0.059
10:22:49.820,0.06
10:22:50.820,0.059
10:22:51.820,0.059
10:22:52.820,0.059
10:22:53.821,0.059
10:22:54.820,0.059
10:22:55.820,0.059
10:22:56.820,0.059
10:22:57.821,0.059
10:22:58.820,0.059
10:22:59.820,0.059
10:23:00.820,0.059
10:23:01.820,0.059
10:23:02.820,0.058
10:23:03.820,0.058
10:23:04.821,0.058
10:23:05.821,0.058
10:23:06.820,0.058
10:23:07.820,0.058
10:23:08.820,0.058
10:23:09.820,0.058
10:23:10.821,0.057
10:23:11.820,0.057
10:23:12.821,0.058
10:23:13.821,0.058
10:23:14.820,0.057
10:23:15.821,0.057
10:23:16.820,0.057
10:23:17.820,0.057
10:23:18.820,0.059
10:23:19.820,0.058
10:23:20.820,0.057
10:23:21.820,0.057
10:23:22.820,0.057
10:23:23.821,0.059
10:23:24.820,0.057
10:23:25.820,0.057
10:23:26.821,0.057
10:23:27.820,0.057
10:23:28.820,0.057
10:23:29.821,0.057
10:23:30.820,0.057
10:23:31.820,0.057
10:23:32.820,0.057
10:23:33.821,0.056
10:23:34.820,0.056
10:23:35.821,0.057
10:23:36.820,0.056
10:23:37.820,0.056
10:23:38.821,0.056
10:23:39.820,0.056
10:23:40.820,0.057
10:23:41.820,0.057
10:23:42.820,0.056
10:23:43.820,0.057
10:23:44.820,0.056
10:23:45.820,0.056
10:23:46.821,0.056
10:23:47.821,0.056
10:23:48.820,0.056
10:23:49.821,0.057
10:23:50.821,0.056
10:23:51.821,0.056
10:23:52.820,0.056
10:23:53.821,0.057
10:23:54.820,0.057
10:23:55.820,0.057
10:23:56.821,0.056
10:23:57.821,0.057
10:23:58.821,0.056
10:23:59.821,0.056
10:24:00.821,0.056
10:24:01.820,0.056
10:24:02.821,0.056
10:24:03.820,0.056
10:24:04.820,0.056
10:24:05.821,0.056
10:24:06.821,0.056
10:24:07.821,0.056
10:24:08.820,0.056
10:24:09.820,0.056
10:24:10.820,0.056
10:24:11.820,0.056
10:24:12.821,0.057
10:24:13.821,0.056
10:24:14.821,0.057
10:24:15.820,0.057
10:24:16.821,0.056
10:24:17.820,0.056
10:24:18.820,0.057
10:24:19.821,0.057
10:24:20.821,0.057
10:24:21.821,0.056
10:24:22.820,0.056
10:24:23.821,0.056
10:24:24.821,0.056
10:24:25.821,0.057
10:24:26.821,0.057
10:24:27.821,0.057
10:24:28.821,0.057
10:24:29.820,0.057
10:24:30.821,0.057
10:24:31.821,0.057
10:24:32.821,0.057
10:24:33.820,0.057
10:24:34.821,0.057
10:24:35.820,0.057
10:24:36.821,0.057
10:24:37.821,0.057
10:24:38.821,0.057
10:24:39.820,0.057
10:24:40.821,0.058
10:24:41.821,0.058
10:24:42.821,0.058
10:24:43.821,0.058
10:24:44.821,0.058
10:24:45.821,0.058
10:24:46.820,0.058
10:24:47.820,0.058
10:24:48.821,0.058
10:24:49.821,0.058
10:24:50.821,0.058
10:24:51.820,0.058
10:24:52.821,0.058
10:24:53.821,0.058
10:24:54.821,0.058
10:24:55.821,0.059
10:24:56.821,0.059
10:24:57.821,0.059
10:24:58.820,0.059
10:24:59.821,0.059
10:25:00.821,0.059
10:25:01.821,0.059
10:25:02.821,0.059
10:25:03.821,0.059
10:25:04.821,0.059
10:25:05.821,0.059
10:25:06.821,0.059
10:25:07.821,0.06
10:25:08.821,0.06
10:25:09.821,0.06
10:25:10.821,0.06
10:25:11.821,0.06
10:25:12.820,0.06
10:25:13.821,0.06
10:25:14.821,0.06
10:25:15.821,0.06
10:25:16.821,0.06
10:25:17.821,0.06
10:25:18.821,0.06
10:25:19.821,0.06
10:25:20.821,0.06
10:25:21.821,0.06
10:25:22.821,0.06
10:25:23.821,0.061
10:25:24.821,0.06
10:25:25.821,0.063
10:25:26.821,0.063
10:25:27.821,0.061
10:25:28.821,0.061
10:25:29.821,0.061
10:25:30.821,0.062
10:25:31.821,0.061
10:25:32.821,0.063
10:25:33.821,0.062
10:25:34.821,0.062
10:25:35.821,0.062
10:25:36.821,0.062
10:25:37.821,0.062
10:25:38.821,0.062
10:25:39.821,0.062
10:25:40.821,0.062
10:25:41.821,0.063
10:25:42.822,0.062
10:25:43.821,0.063
10:25:44.821,0.063
10:25:45.821,0.062
10:25:46.821,0.063
10:25:47.821,0.063
10:25:48.821,0.063
10:25:49.821,0.063
10:25:50.821,0.063
10:25:51.821,0.063
10:25:52.821,0.063
10:25:53.821,0.063
10:25:54.821,0.063
10:25:55.822,0.063
10:25:56.821,0.063
10:25:57.821,0.063
10:25:58.821,0.063
10:25:59.822,0.063
10:26:00.821,0.063
10:26:01.822,0.063
10:26:02.821,0.063
10:26:03.821,0.063
10:26:04.821,0.064
10:26:05.821,0.063
10:26:06.822,0.063
10:26:07.821,0.063
10:26:08.822,0.064
10:26:09.821,0.064
10:26:10.821,0.063
10:26:11.822,0.064
10:26:12.821,0.064
10:26:13.822,0.064
10:26:14.821,0.064
10:26:15.822,0.064
10:26:16.821,0.064
10:26:17.821,0.064
10:26:18.822,0.064
10:26:19.822,0.064
10:26:20.821,0.064
10:26:21.822,0.064
10:26:22.821,0.064
10:26:23.821,0.064
10:26:24.822,0.064
10:26:25.822,0.064
10:26:26.821,0.064
10:26:27.821,0.064
10:26:28.822,0.064
10:26:29.821,0.064
10:26:30.822,0.064
10:26:31.822,0.064
10:26:32.821,0.064
10:26:33.822,0.064
10:26:34.821,0.064
10:26:35.821,0.064
10:26:36.821,0.064
10:26:37.822,0.064
10:26:38.821,0.065
10:26:39.821,0.064
10:26:40.821,0.064
10:26:41.821,0.064
10:26:42.821,0.064
10:26:43.821,0.064
10:26:44.821,0.064
10:26:45.821,0.064
10:26:46.822,0.064
10:26:47.821,0.064
10:26:48.822,0.064
10:26:49.821,0.064
10:26:50.822,0.064
10:26:51.822,0.064
10:26:52.822,0.064
10:26:53.821,0.064
10:26:54.822,0.064
10:26:55.822,0.063
10:26:56.822,0.063
10:26:57.822,0.064
10:26:58.822,0.063
10:26:59.821,0.064
10:27:00.821,0.063
10:27:01.821,0.064
10:27:02.822,0.063
10:27:03.821,0.063
10:27:04.821,0.063
10:27:05.822,0.063
10:27:06.822,0.063
10:27:07.821,0.063
10:27:08.821,0.063
10:27:09.821,0.063
10:27:10.822,0.063
10:27:11.821,0.063
10:27:12.821,0.063
10:27:13.822,0.063
10:27:14.822,0.063
10:27:15.821,0.063
10:27:16.822,0.063
10:27:17.821,0.063
10:27:18.821,0.063
10:27:19.822,0.062
10:27:20.822,0.062
10:27:21.821,0.063
10:27:22.822,0.062
10:27:23.821,0.062
10:27:24.822,0.062
10:27:25.822,0.063
10:27:26.822,0.063
10:27:27.822,0.062
10:27:28.822,0.062
10:27:29.822,0.062
10:27:30.822,0.062
10:27:31.822,0.061
10:27:32.822,0.061
10:27:33.822,0.062
10:27:34.821,0.061
10:27:35.822,0.061
10:27:36.822,0.061
10:27:37.822,0.061
10:27:38.822,0.061
10:27:39.822,0.061
10:27:40.822,0.061
10:27:41.822,0.06
10:27:42.822,0.06
10:27:43.822,0.06
10:27:44.822,0.06
10:27:45.822,0.06
10:27:46.822,0.06
10:27:47.822,0.061
10:27:48.822,0.061
10:27:49.822,0.061
10:27:50.822,0.06
10:27:51.822,0.06
10:27:52.822,0.06
10:27:53.822,0.06
10:27:54.822,0.06
10:27:55.822,0.06
10:27:56.822,0.06
10:27:57.822,0.06
10:27:58.822,0.06
10:27:59.822,0.059
10:28:00.822,0.06
10:28:01.822,0.06
10:28:02.822,0.06
10:28:03.822,0.059
10:28:04.822,0.059
10:28:05.822,0.059
10:28:06.822,0.059
10:28:07.823,0.059
10:28:08.822,0.059
10:28:09.822,0.059
10:28:10.822,0.059
10:28:11.822,0.059
10:28:12.822,0.059
10:28:13.822,0.059
10:28:14.822,0.059
10:28:15.822,0.059
10:28:16.822,0.059
10:28:17.822,0.059
10:28:18.822,0.059
10:28:19.822,0.059
10:28:20.822,0.059
10:28:21.822,0.059
10:28:22.822,0.059
10:28:23.822,0.059
10:28:24.823,0.058
10:28:25.822,0.058
10:28:26.822,0.058
10:28:27.822,0.058
10:28:28.823,0.058
10:28:29.822,0.058
10:28:30.823,0.058
10:28:31.822,0.058
10:28:32.822,0.058
10:28:33.822,0.058
10:28:34.822,0.058
10:28:35.822,0.058
10:28:36.823,0.059
10:28:37.823,0.058
10:28:38.823,0.058
10:28:39.822,0.058
10:28:40.823,0.058
10:28:41.823,0.058
10:28:42.822,0.058
10:28:43.823,0.058
10:28:44.823,0.058
10:28:45.822,0.058
10:28:46.822,0.058
10:28:47.822,0.058
10:28:48.823,0.057
10:28:49.822,0.058
10:28:50.823,0.058
10:28:51.823,0.058
10:28:52.823,0.057
10:28:53.822,0.058
10:28:54.823,0.058
10:28:55.822,0.058
10:28:56.822,0.058
10:28:57.822,0.057
10:28:58.822,0.058
10:28:59.822,0.058
10:29:00.823,0.058
10:29:01.823,0.057
10:29:02.822,0.057
10:29:03.822,0.058
10:29:04.822,0.057
10:29:05.823,0.058
10:29:06.822,0.057
10:29:07.822,0.058
10:29:08.823,0.058
10:29:09.823,0.057
10:29:10.823,0.058
10:29:11.822,0.058
10:29:12.823,0.057
10:29:13.823,0.057
10:29:14.823,0.058
10:29:15.823,0.058
10:29:16.822,0.058
10:29:17.822,0.058
10:29:18.822,0.057
10:29:19.823,0.057
10:29:20.823,0.058
10:29:21.822,0.057
10:29:22.823,0.058
10:29:23.823,0.058
10:29:24.823,0.058
10:29:25.822,0.058
10:29:26.823,0.059
10:29:27.822,0.058
10:29:28.823,0.058
10:29:29.823,0.058
10:29:30.823,0.058
10:29:31.823,0.058
10:29:32.823,0.058
10:29:33.822,0.058
10:29:34.823,0.058
10:29:35.823,0.058
10:29:36.822,0.058
10:29:37.822,0.058
10:29:38.823,0.058
10:29:39.822,0.059
10:29:40.823,0.059
10:29:41.823,0.058
10:29:42.823,0.058
10:29:43.823,0.058
10:29:44.822,0.058
10:29:45.823,0.058
10:29:46.823,0.059
10:29:47.822,0.059
10:29:48.823,0.059
10:29:49.822,0.059
10:29:50.822,0.059
10:29:51.823,0.059
10:29:52.823,0.059
10:29:53.823,0.059
10:29:54.823,0.059
10:29:55.823,0.059
10:29:56.823,0.059
10:29:57.823,0.059
10:29:58.823,0.059
10:29:59.822,0.06
10:30:00.822,0.06
10:30:01.822,0.059
10:30:02.823,0.059
10:30:03.823,0.06
10:30:04.823,0.06
10:30:05.822,0.06
10:30:06.823,0.062
10:30:07.822,0.06
10:30:08.823,0.061
10:30:09.823,0.06
10:30:10.822,0.06
10:30:11.823,0.06
10:30:12.823,0.06
10:30:13.823,0.061
10:30:14.823,0.06
10:30:15.823,0.06
10:30:16.822,0.061
10:30:17.823,0.06
10:30:18.823,0.061
10:30:19.823,0.061
10:30:20.823,0.061
10:30:21.823,0.06
10:30:22.822,0.06
10:30:23.823,0.06
10:30:24.823,0.06
10:30:25.823,0.061
10:30:26.823,0.061
10:30:27.823,0.061
10:30:28.823,0.061
10:30:29.824,0.061
10:30:30.823,0.061
10:30:31.823,0.061
10:30:32.823,0.063
10:30:33.823,0.063
10:30:34.823,0.063
10:30:35.823,0.061
10:30:36.823,0.062
10:30:37.823,0.061
10:30:38.823,0.062
10:30:39.823,0.061
10:30:40.823,0.062
10:30:41.823,0.062
10:30:42.823,0.062
10:30:43.823,0.062
10:30:44.823,0.063
10:30:45.823,0.062
10:30:46.823,0.062
10:30:47.823,0.062
10:30:48.823,0.062
10:30:49.824,0.062
10:30:50.823,0.062
10:30:51.823,0.062
10:30:52.823,0.063
10:30:53.823,0.063
10:30:54.823,0.063
10:30:55.824,0.063
10:30:56.823,0.063
10:30:57.823,0.063
10:30:58.823,0.063
10:30:59.823,0.063
10:31:00.823,0.063
10:31:01.823,0.063
10:31:02.823,0.063
10:31:03.823,0.063
10:31:04.824,0.063
10:31:05.824,0.063
10:31:06.823,0.063
10:31:07.823,0.063
10:31:08.823,0.063
10:31:09.824,0.063
10:31:10.823,0.063
10:31:11.824,0.063
10:31:12.823,0.063
10:31:13.823,0.063
10:31:14.824,0.063
10:31:15.823,0.063
10:31:16.823,0.063
10:31:17.823,0.063
10:31:18.824,0.064
10:31:19.824,0.063
10:31:20.823,0.063
10:31:21.823,0.063
10:31:22.823,0.063
10:31:23.824,0.063
10:31:24.824,0.063
10:31:25.824,0.063
10:31:26.824,0.063
10:31:27.824,0.063
10:31:28.823,0.063
10:31:29.823,0.063
10:31:30.824,0.064
10:31:31.824,0.063
10:31:32.824,0.063
10:31:33.823,0.064
10:31:34.823,0.064
10:31:35.823,0.063
10:31:36.823,0.063
10:31:37.823,0.063
10:31:38.824,0.063
10:31:39.823,0.063
10:31:40.823,0.063
10:31:41.823,0.063
10:31:42.823,0.063
10:31:43.824,0.063
10:31:44.823,0.063
10:31:45.823,0.063
10:31:46.824,0.063
10:31:47.823,0.063
10:31:48.823,0.063
10:31:49.824,0.063
10:31:50.823,0.063
10:31:51.823,0.063
10:31:52.823,0.063
10:31:53.823,0.063
10:31:54.823,0.063
10:31:55.823,0.063
10:31:56.823,0.063
10:31:57.824,0.063
10:31:58.823,0.063
10:31:59.824,0.063
10:32:00.823,0.063
10:32:01.823,0.063
10:32:02.824,0.063
10:32:03.823,0.063
10:32:04.823,0.063
10:32:05.824,0.063
10:32:06.823,0.063
10:32:07.824,0.063
10:32:08.824,0.063
10:32:09.823,0.063
10:32:10.823,0.063
10:32:11.824,0.063
10:32:12.824,0.063
10:32:13.824,0.063
10:32:14.824,0.063
10:32:15.823,0.063
10:32:16.824,0.063
10:32:17.823,0.063
10:32:18.824,0.063
10:32:19.824,0.063
10:32:20.823,0.063
10:32:21.823,0.063
10:32:22.824,0.063
10:32:23.823,0.062
10:32:24.824,0.062
10:32:25.824,0.062
10:32:26.824,0.062
10:32:27.824,0.062
10:32:28.823,0.062
10:32:29.824,0.062
10:32:30.824,0.062
10:32:31.824,0.062
10:32:32.824,0.062
10:32:33.824,0.062
10:32:34.824,0.062
10:32:35.824,0.062
10:32:36.824,0.062
10:32:37.823,0.061
10:32:38.824,0.061
10:32:39.823,0.061
10:32:40.824,0.062
10:32:41.824,0.063
10:32:42.824,0.063
10:32:43.824,0.062
10:32:44.824,0.061
10:32:45.824,0.061
10:32:46.823,0.061
10:32:47.824,0.061
10:32:48.824,0.06
10:32:49.824,0.06
10:32:50.824,0.06
10:32:51.824,0.061
10:32:52.824,0.06
10:32:53.824,0.06
10:32:54.824,0.061
10:32:55.824,0.061
10:32:56.824,0.061
10:32:57.824,0.061
10:32:58.824,0.06
10:32:59.824,0.061
10:33:00.824,0.06
10:33:01.823,0.06
10:33:02.824,0.061
10:33:03.824,0.06
10:33:04.824,0.06
10:33:05.824,0.06
10:33:06.824,0.06
10:33:07.824,0.06
10:33:08.824,0.06
10:33:09.824,0.06
10:33:10.824,0.06
10:33:11.824,0.06
10:33:12.824,0.06
10:33:13.824,0.06
10:33:14.824,0.06
10:33:15.824,0.06
10:33:16.824,0.06
10:33:17.825,0.06
10:33:18.824,0.059
10:33:19.824,0.06
10:33:20.824,0.059
10:33:21.824,0.059
10:33:22.824,0.06
10:33:23.824,0.059
10:33:24.824,0.059
10:33:25.824,0.06
10:33:26.824,0.059
10:33:27.824,0.059
10:33:28.824,0.059
10:33:29.824,0.059
10:33:30.824,0.059
10:33:31.825,0.059
10:33:32.825,0.059
10:33:33.824,0.059
10:33:34.824,0.059
10:33:35.824,0.059
10:33:36.825,0.059
10:33:37.825,0.058
10:33:38.825,0.059
10:33:39.824,0.059
10:33:40.824,0.059
10:33:41.824,0.058
10:33:42.824,0.059
10:33:43.824,0.059
10:33:44.824,0.058
10:33:45.825,0.059
10:33:46.825,0.058
10:33:47.825,0.058
10:33:48.824,0.058
10:33:49.824,0.058
10:33:50.825,0.058
10:33:51.824,0.058
10:33:52.824,0.058
10:33:53.824,0.058
10:33:54.824,0.058
10:33:55.825,0.059
10:33:56.824,0.059
10:33:57.825,0.059
10:33:58.824,0.058
10:33:59.824,0.058
10:34:00.824,0.058
10:34:01.824,0.058
10:34:02.825,0.058
10:34:03.825,0.058
10:34:04.824,0.058
10:34:05.825,0.058
10:34:06.824,0.058
10:34:07.824,0.058
10:34:08.825,0.059
10:34:09.825,0.058
10:34:10.825,0.058
10:34:11.825,0.058
10:34:12.824,0.058
10:34:13.825,0.058
10:34:14.825,0.059
10:34:15.824,0.058
10:34:16.825,0.058
10:34:17.825,0.058
10:34:18.824,0.058
10:34:19.825,0.058
10:34:20.824,0.058
10:34:21.825,0.059
10:34:22.824,0.059
10:34:23.824,0.059
10:34:24.824,0.058
10:34:25.824,0.058
10:34:26.824,0.058
10:34:27.824,0.059
10:34:28.824,0.059
10:34:29.824,0.058
10:34:30.825,0.058
10:34:31.825,0.059
10:34:32.825,0.059
10:34:33.825,0.058
10:34:34.824,0.058
10:34:35.824,0.058
10:34:36.824,0.059
10:34:37.824,0.058
10:34:38.825,0.058
10:34:39.825,0.059
10:34:40.824,0.058
10:34:41.824,0.059
10:34:42.824,0.059
10:34:43.824,0.059
10:34:44.825,0.058
10:34:45.824,0.059
10:34:46.824,0.059
10:34:47.824,0.059
10:34:48.825,0.059
10:34:49.825,0.059
10:34:50.824,0.059
10:34:51.825,0.059
10:34:52.824,0.059
10:34:53.824,0.059
10:34:54.825,0.059
10:34:55.825,0.059
10:34:56.825,0.059
10:34:57.824,0.059
10:34:58.825,0.059
10:34:59.825,0.059
10:35:00.825,0.059
10:35:01.825,0.06
10:35:02.824,0.059
10:35:03.825,0.059
10:35:04.824,0.059
10:35:05.825,0.06
10:35:06.825,0.06
10:35:07.825,0.059
10:35:08.825,0.06
10:35:09.825,0.06
10:35:10.825,0.06
10:35:11.825,0.06
10:35:12.825,0.06
10:35:13.825,0.06
10:35:14.824,0.06
10:35:15.824,0.06
10:35:16.825,0.06
10:35:17.825,0.06
10:35:18.825,0.06
10:35:19.825,0.061
10:35:20.825,0.06
10:35:21.825,0.06
10:35:22.825,0.06
10:35:23.825,0.061
10:35:24.825,0.061
10:35:25.825,0.06
10:35:26.825,0.061
10:35:27.825,0.06
10:35:28.825,0.06
10:35:29.825,0.061
10:35:30.825,0.061
10:35:31.825,0.061
10:35:32.825,0.06
10:35:33.825,0.06
10:35:34.825,0.061
10:35:35.825,0.061
10:35:36.825,0.06
10:35:37.825,0.06
10:35:38.825,0.06
10:35:39.825,0.061
10:35:40.825,0.061
10:35:41.825,0.063
10:35:42.825,0.061
10:35:43.825,0.061
10:35:44.825,0.061
10:35:45.825,0.063
10:35:46.825,0.061
10:35:47.825,0.061
10:35:48.825,0.061
10:35:49.825,0.063
10:35:50.825,0.061
10:35:51.825,0.061
10:35:52.825,0.063
10:35:53.825,0.063
10:35:54.825,0.061
10:35:55.825,0.061
10:35:56.825,0.062
10:35:57.825,0.063
10:35:58.825,0.062
10:35:59.825,0.062
10:36:00.825,0.062
10:36:01.825,0.061
10:36:02.825,0.061
10:36:03.825,0.062
10:36:04.825,0.062
10:36:05.825,0.062
10:36:06.825,0.062
10:36:07.825,0.062
10:36:08.826,0.062
10:36:09.825,0.062
10:36:10.826,0.062
10:36:11.826,0.062
10:36:12.825,0.062
10:36:13.825,0.062
10:36:14.825,0.062
10:36:15.825,0.062
10:36:16.825,0.062
10:36:17.826,0.062
10:36:18.826,0.062
10:36:19.825,0.062
10:36:20.825,0.062
10:36:21.825,0.062
10:36:22.825,0.063
10:36:23.825,0.062
10:36:24.825,0.062
10:36:25.825,0.063
10:36:26.826,0.062
10:36:27.826,0.062
10:36:28.826,0.062
10:36:29.825,0.062
10:36:30.826,0.063
10:36:31.825,0.062
10:36:32.826,0.063
10:36:33.826,0.062
10:36:34.825,0.062
10:36:35.825,0.062
10:36:36.826,0.062
10:36:37.826,0.063
10:36:38.825,0.063
10:36:39.825,0.062
10:36:40.825,0.062
10:36:41.825,0.062
10:36:42.826,0.062
10:36:43.825,0.063
10:36:44.825,0.062
10:36:45.826,0.062
10:36:46.825,0.062
10:36:47.826,0.063
10:36:48.826,0.062
10:36:49.825,0.062
10:36:50.826,0.063
10:36:51.825,0.062
10:36:52.826,0.063
10:36:53.825,0.062
10:36:54.826,0.063
10:36:55.826,0.062
10:36:56.825,0.062
10:36:57.826,0.062
10:36:58.825,0.063
10:36:59.825,0.062
10:37:00.825,0.062
10:37:01.825,0.062
10:37:02.825,0.062
10:37:03.825,0.062
10:37:04.826,0.062
10:37:05.826,0.062
10:37:06.825,0.062
10:37:07.826,0.062
10:37:08.826,0.062
10:37:09.825,0.062
10:37:10.826,0.062
10:37:11.825,0.062
10:37:12.825,0.062
10:37:13.825,0.062
10:37:14.826,0.062
10:37:15.826,0.062
10:37:16.826,0.062
10:37:17.826,0.062
10:37:18.826,0.062
10:37:19.826,0.062
10:37:20.825,0.062
10:37:21.826,0.062
10:37:22.825,0.062
10:37:23.826,0.062
10:37:24.826,0.062
10:37:25.826,0.062
10:37:26.825,0.062
10:37:27.825,0.062
10:37:28.825,0.061
10:37:29.826,0.062
10:37:30.826,0.063
10:37:31.826,0.062
10:37:32.825,0.063
10:37:33.826,0.061
10:37:34.826,0.061
10:37:35.825,0.063
10:37:36.826,0.063
10:37:37.826,0.061
10:37:38.826,0.063
10:37:39.826,0.061
10:37:40.826,0.061
10:37:41.826,0.061
10:37:42.826,0.061
10:37:43.825,0.061
10:37:44.826,0.063
10:37:45.826,0.061
10:37:46.826,0.063
10:37:47.825,0.06
10:37:48.826,0.061
10:37:49.826,0.061
10:37:50.826,0.06
10:37:51.825,0.06
10:37:52.826,0.06
10:37:53.825,0.061
10:37:54.825,0.06
10:37:55.826,0.06
10:37:56.826,0.06
10:37:57.825,0.061
10:37:58.826,0.061
10:37:59.826,0.061
10:38:00.826,0.06
10:38:01.826,0.061
10:38:02.826,0.061
10:38:03.826,0.06
10:38:04.825,0.061
10:38:05.826,0.061
10:38:06.826,0.061
10:38:07.826,0.06
10:38:08.825,0.06
10:38:09.826,0.06
10:38:10.825,0.06
10:38:11.826,0.06
10:38:12.825,0.06
10:38:13.825,0.06
10:38:14.826,0.06
10:38:15.826,0.06
10:38:16.826,0.06
10:38:17.825,0.06
10:38:18.826,0.06
10:38:19.826,0.06
10:38:20.826,0.06
10:38:21.826,0.06
10:38:22.826,0.06
10:38:23.826,0.06
10:38:24.826,0.06
10:38:25.826,0.06
10:38:26.826,0.059
10:38:27.826,0.06
10:38:28.826,0.06
10:38:29.826,0.06
10:38:30.826,0.06
10:38:31.826,0.059
10:38:32.827,0.06
10:38:33.826,0.06
10:38:34.826,0.06
10:38:35.826,0.059
10:38:36.826,0.059
10:38:37.826,0.06
10:38:38.826,0.06
10:38:39.826,0.059
10:38:40.826,0.059
10:38:41.826,0.059
10:38:42.826,0.059
10:38:43.826,0.059
10:38:44.826,0.059
10:38:45.827,0.059
10:38:46.826,0.059
10:38:47.826,0.059
10:38:48.826,0.059
10:38:49.827,0.059
10:38:50.826,0.059
10:38:51.826,0.059
10:38:52.826,0.059
10:38:53.826,0.059
10:38:54.827,0.059
10:38:55.827,0.059
10:38:56.826,0.059
10:38:57.826,0.059
10:38:58.826,0.059
10:38:59.826,0.059
10:39:00.827,0.059
10:39:01.826,0.059
10:39:02.827,0.059
10:39:03.826,0.059
10:39:04.826,0.059
10:39:05.826,0.059
10:39:06.826,0.059
10:39:07.826,0.059
10:39:08.827,0.059
10:39:09.826,0.059
10:39:10.826,0.059
10:39:11.826,0.059
10:39:12.827,0.059
10:39:13.826,0.059
10:39:14.826,0.059
10:39:15.827,0.059
10:39:16.826,0.059
10:39:17.826,0.059
10:39:18.827,0.059
10:39:19.827,0.059
10:39:20.827,0.059
10:39:21.826,0.059
10:39:22.827,0.059
10:39:23.826,0.059
10:39:24.827,0.059
10:39:25.826,0.059
10:39:26.827,0.059
10:39:27.826,0.059
10:39:28.827,0.059
10:39:29.826,0.059
10:39:30.827,0.059
10:39:31.826,0.059
10:39:32.826,0.059
10:39:33.828,0.059
10:39:34.826,0.059
10:39:35.827,0.059
10:39:36.826,0.059
10:39:37.827,0.059
10:39:38.826,0.059
10:39:39.827,0.059
10:39:40.827,0.059
10:39:41.826,0.059
10:39:42.827,0.059
10:39:43.827,0.06
10:39:44.826,0.059
10:39:45.826,0.059
10:39:46.827,0.06
10:39:47.826,0.059
10:39:48.826,0.06
10:39:49.826,0.059
10:39:50.826,0.059
10:39:51.827,0.059
10:39:52.826,0.06
10:39:53.827,0.06
10:39:54.827,0.06
10:39:55.826,0.059
10:39:56.827,0.06
10:39:57.826,0.06
10:39:58.826,0.06
10:39:59.826,0.06
10:40:00.827,0.06
10:40:01.827,0.06
10:40:02.827,0.06
10:40:03.827,0.06
10:40:04.826,0.06
10:40:05.827,0.06
10:40:06.827,0.06
10:40:07.826,0.06
10:40:08.827,0.06
10:40:09.826,0.06
10:40:10.827,0.06
10:40:11.827,0.06
10:40:12.827,0.06
10:40:13.827,0.06
10:40:14.827,0.06
10:40:15.827,0.06
10:40:16.827,0.06
10:40:17.827,0.061
10:40:18.827,0.061
10:40:19.827,0.061
10:40:20.827,0.061
10:40:21.827,0.061
10:40:22.827,0.061
10:40:23.826,0.061
10:40:24.826,0.061
10:40:25.826,0.061
10:40:26.827,0.061
10:40:27.827,0.06
10:40:28.826,0.061
10:40:29.826,0.061
10:40:30.827,0.061
10:40:31.827,0.06
10:40:32.827,0.06
10:40:33.827,0.061
10:40:34.826,0.061
10:40:35.826,0.061
10:40:36.826,0.06
10:40:37.827,0.06
10:40:38.827,0.061
10:40:39.826,0.06
10:40:40.826,0.06
10:40:41.827,0.06
10:40:42.827,0.06
10:40:43.827,0.061
10:40:44.827,0.06
10:40:45.827,0.06
10:40:46.827,0.06
10:40:47.827,0.061
10:40:48.827,0.061
10:40:49.826,0.06
10:40:50.827,0.063
10:40:51.827,0.061
10:40:52.827,0.061
10:40:53.827,0.063
10:40:54.827,0.061
10:40:55.827,0.061
10:40:56.827,0.061
10:40:57.827,0.061
10:40:58.827,0.061
10:40:59.827,0.061
10:41:00.827,0.061
10:41:01.827,0.061
10:41:02.827,0.061
10:41:03.827,0.062
10:41:04.827,0.062
10:41:05.827,0.061
10:41:06.827,0.063
10:41:07.827,0.062
10:41:08.827,0.062
10:41:09.827,0.063
10:41:10.827,0.061
10:41:11.827,0.062
10:41:12.827,0.062
10:41:13.827,0.062
10:41:14.827,0.062
10:41:15.827,0.062
10:41:16.827,0.062
10:41:17.827,0.062
10:41:18.827,0.062
10:41:19.827,0.062
10:41:20.827,0.062
10:41:21.827,0.062
10:41:22.827,0.062
10:41:23.827,0.062
10:41:24.827,0.062
10:41:25.827,0.062
10:41:26.827,0.062
10:41:27.827,0.062
10:41:28.827,0.062
10:41:29.827,0.062
10:41:30.827,0.062
10:41:31.828,0.062
10:41:32.828,0.062
10:41:33.827,0.062
10:41:34.827,0.062
10:41:35.827,0.062
10:41:36.827,0.062
10:41:37.828,0.062
10:41:38.827,0.062
10:41:39.827,0.062
10:41:40.828,0.062
10:41:41.827,0.062
10:41:42.828,0.062
10:41:43.827,0.062
10:41:44.827,0.062
10:41:45.828,0.062
10:41:46.828,0.062
10:41:47.828,0.062
10:41:48.828,0.062
10:41:49.827,0.062
10:41:50.827,0.062
10:41:51.827,0.062
10:41:52.827,0.062
10:41:53.827,0.062
10:41:54.828,0.062
10:41:55.827,0.062
10:41:56.827,0.062
10:41:57.827,0.062
10:41:58.828,0.062
10:41:59.828,0.062
10:42:00.827,0.062
10:42:01.827,0.062
10:42:02.828,0.062
10:42:03.827,0.062
10:42:04.827,0.062
10:42:05.827,0.062
10:42:06.827,0.062
10:42:07.828,0.062
10:42:08.828,0.062
10:42:09.827,0.062
10:42:10.827,0.062
10:42:11.827,0.062
10:42:12.827,0.062
10:42:13.828,0.062
10:42:14.827,0.062
10:42:15.828,0.062
10:42:16.828,0.062
10:42:17.828,0.062
10:42:18.828,0.062
10:42:19.828,0.062
10:42:20.828,0.062
10:42:21.827,0.062
10:42:22.828,0.062
10:42:23.827,0.062
10:42:24.828,0.061
10:42:25.828,0.062
10:42:26.827,0.063
10:42:27.827,0.061
10:42:28.828,0.061
10:42:29.827,0.061
10:42:30.827,0.063
10:42:31.828,0.063
10:42:32.828,0.061
10:42:33.827,0.061
10:42:34.828,0.061
10:42:35.827,0.061
10:42:36.827,0.061
10:42:37.828,0.063
10:42:38.828,0.063
10:42:39.828,0.061
10:42:40.828,0.063
10:42:41.828,0.063
10:42:42.828,0.061
10:42:43.827,0.06
10:42:44.828,0.061
10:42:45.827,0.061
10:42:46.827,0.06
10:42:47.828,0.06
10:42:48.828,0.06
10:42:49.828,0.06
10:42:50.828,0.061
10:42:51.827,0.06
10:42:52.828,0.06
10:42:53.827,0.06
10:42:54.828,0.06
10:42:55.828,0.06
10:42:56.828,0.061
10:42:57.828,0.061
10:42:58.828,0.061
10:42:59.828,0.06
10:43:00.828,0.06
10:43:01.827,0.061
10:43:02.828,0.061
10:43:03.827,0.06
10:43:04.828,0.06
10:43:05.828,0.061
10:43:06.827,0.061
10:43:07.828,0.06
10:43:08.828,0.06
10:43:09.828,0.061
10:43:10.828,0.061
10:43:11.828,0.061
10:43:12.827,0.061
10:43:13.828,0.061
10:43:14.828,0.061
10:43:15.827,0.061
10:43:16.828,0.061
10:43:17.827,0.061
10:43:18.827,0.061
10:43:19.828,0.061
10:43:20.828,0.061
10:43:21.828,0.061
10:43:22.828,0.061
10:43:23.828,0.06
10:43:24.827,0.06
10:43:25.828,0.061
10:43:26.827,0.06
10:43:27.828,0.06
10:43:28.828,0.06
10:43:29.828,0.06
10:43:30.828,0.061
10:43:31.827,0.061
10:43:32.828,0.06
10:43:33.828,0.06
10:43:34.828,0.06
10:43:35.828,0.06
10:43:36.828,0.06
10:43:37.828,0.06
10:43:38.828,0.06
10:43:39.828,0.06
10:43:40.828,0.06
10:43:41.828,0.06
10:43:42.828,0.06
10:43:43.828,0.06
10:43:44.827,0.06
10:43:45.828,0.06
10:43:46.828,0.06
10:43:47.828,0.06
10:43:48.828,0.06
10:43:49.828,0.06
10:43:50.828,0.06
10:43:51.828,0.06
10:43:52.828,0.06
10:43:53.828,0.06
10:43:54.828,0.06
10:43:55.828,0.06
10:43:56.828,0.06
10:43:57.828,0.06
10:43:58.828,0.06
10:43:59.828,0.059
10:44:00.828,0.06
10:44:01.828,0.06
10:44:02.828,0.06
10:44:03.828,0.06
10:44:04.828,0.06
10:44:05.828,0.06
10:44:06.828,0.06
10:44:07.828,0.06
10:44:08.828,0.06
10:44:09.828,0.06
10:44:10.828,0.06
10:44:11.828,0.06
10:44:12.828,0.06
10:44:13.828,0.06
10:44:14.829,0.06
10:44:15.828,0.06
10:44:16.828,0.06
10:44:17.828,0.06
10:44:18.828,0.059
10:44:19.828,0.06
10:44:20.828,0.06
10:44:21.828,0.06
10:44:22.828,0.06
10:44:23.828,0.06
10:44:24.828,0.06
10:44:25.829,0.06
10:44:26.829,0.06
10:44:27.829,0.06
10:44:28.828,0.06
10:44:29.828,0.06
10:44:30.828,0.06
10:44:31.829,0.06
10:44:32.828,0.06
10:44:33.828,0.06
10:44:34.828,0.06
10:44:35.828,0.06
10:44:36.829,0.06
10:44:37.828,0.06
10:44:38.828,0.06
10:44:39.829,0.06
10:44:40.828,0.06
10:44:41.829,0.06
10:44:42.829,0.06
10:44:43.828,0.06
10:44:44.829,0.06
10:44:45.828,0.06
10:44:46.828,0.06
10:44:47.829,0.06
10:44:48.828,0.06
10:44:49.828,0.06
10:44:50.828,0.06
10:44:51.829,0.06
10:44:52.828,0.06
10:44:53.828,0.06
10:44:54.828,0.06
10:44:55.829,0.06
10:44:56.829,0.06
10:44:57.828,0.061
10:44:58.829,0.06
10:44:59.829,0.06
10:45:00.828,0.06
10:45:01.829,0.061
10:45:02.829,0.06
10:45:03.829,0.06
10:45:04.829,0.06
10:45:05.828,0.061
10:45:06.828,0.061
10:45:07.829,0.061
10:45:08.828,0.06
10:45:09.828,0.061
10:45:10.828,0.061
10:45:11.828,0.06
10:45:12.828,0.061
10:45:13.829,0.061
10:45:14.829,0.061
10:45:15.828,0.06
10:45:16.829,0.061
10:45:17.828,0.061
10:45:18.829,0.061
10:45:19.829,0.06
10:45:20.829,0.061
10:45:21.828,0.061
10:45:22.829,0.061
10:45:23.828,0.061
10:45:24.828,0.061
10:45:25.828,0.061
10:45:26.829,0.061
10:45:27.828,0.061
10:45:28.828,0.06
10:45:29.829,0.06
10:45:30.829,0.061
10:45:31.828,0.06
10:45:32.829,0.06
10:45:33.828,0.061
10:45:34.828,0.06
10:45:35.828,0.06
10:45:36.828,0.06
10:45:37.829,0.061
10:45:38.828,0.06
10:45:39.829,0.06
10:45:40.828,0.06
10:45:41.829,0.061
10:45:42.829,0.061
10:45:43.828,0.06
10:45:44.829,0.06
10:45:45.829,0.061
10:45:46.829,0.06
10:45:47.828,0.061
10:45:48.829,0.061
10:45:49.829,0.06
